case_id,case_label,mode,seed,window_end_slot,window_slots,unique_selected_ues,unique_successful_ues,never_selected_ues_so_far,never_successful_ues_so_far,selection_top64_share_so_far,selection_gini_so_far,success_gini_so_far
t0375_j0625,37.5% throughput + 62.5% Jain fairness,deterministic,1701,64,64,1200,1200,0,0,0.393798828125,0.5018306477864584,0.4842398572332159
t0375_j0625,37.5% throughput + 62.5% Jain fairness,deterministic,1701,128,64,1200,1200,0,0,0.2933349609375,0.3882704671223958,0.375327267789245
t0375_j0625,37.5% throughput + 62.5% Jain fairness,deterministic,1701,192,64,1200,1200,0,0,0.2572428385416667,0.3478138563368056,0.3383745844666062
t0375_j0625,37.5% throughput + 62.5% Jain fairness,deterministic,1701,256,64,1200,1200,0,0,0.2391357421875,0.3270426432291666,0.3192420686214482
t0375_j0625,37.5% throughput + 62.5% Jain fairness,deterministic,1701,320,64,1200,1200,0,0,0.226904296875,0.3149190266927083,0.3088294405214556
t0375_j0625,37.5% throughput + 62.5% Jain fairness,deterministic,1701,384,64,1200,1200,0,0,0.2198486328125,0.3058219401041667,0.300194483414038
t0375_j0625,37.5% throughput + 62.5% Jain fairness,deterministic,1701,448,64,1200,1200,0,0,0.2139718191964285,0.3004656691778274,0.2953492309680756
t0375_j0625,37.5% throughput + 62.5% Jain fairness,deterministic,1701,512,64,1200,1200,0,0,0.209136962890625,0.2945689900716146,0.2902263423350069
t0375_j0625,37.5% throughput + 62.5% Jain fairness,deterministic,1701,576,64,1200,1200,0,0,0.2058376736111111,0.2920640281394676,0.2879629015398223
t0375_j0625,37.5% throughput + 62.5% Jain fairness,deterministic,1701,640,64,1200,1200,0,0,0.20322265625,0.2884105631510416,0.2852221845472218
t0375_j0625,37.5% throughput + 62.5% Jain fairness,deterministic,1701,704,64,1200,1200,0,0,0.2011052911931818,0.2853892933238635,0.2827891311676245
t0375_j0625,37.5% throughput + 62.5% Jain fairness,deterministic,1701,768,64,1200,1200,0,0,0.19940185546875,0.2837932671440973,0.2812437712493687
t0375_j0625,37.5% throughput + 62.5% Jain fairness,deterministic,1701,832,64,1200,1200,0,0,0.197735126201923,0.282132098858173,0.279599420211174
t0375_j0625,37.5% throughput + 62.5% Jain fairness,deterministic,1701,896,64,1200,1200,0,0,0.1964983258928571,0.2804355003720239,0.2778655328006618
t0375_j0625,37.5% throughput + 62.5% Jain fairness,deterministic,1701,960,64,1200,1200,0,0,0.1955729166666666,0.2803022189670139,0.277816993404896
t0375_j0625,37.5% throughput + 62.5% Jain fairness,deterministic,1701,1024,64,1200,1200,0,0,0.194427490234375,0.2787158711751302,0.2762839695822653
t0375_j0625,37.5% throughput + 62.5% Jain fairness,deterministic,1701,1088,64,1200,1200,0,0,0.1935460707720588,0.2773245538449754,0.2753755784171206
t0375_j0625,37.5% throughput + 62.5% Jain fairness,deterministic,1701,1152,64,1200,1200,0,0,0.1931559244791666,0.2771034523292824,0.2752074469690113
t0375_j0625,37.5% throughput + 62.5% Jain fairness,deterministic,1701,1216,64,1200,1200,0,0,0.1920872738486842,0.2760260116844847,0.2745096784800355
t0375_j0625,37.5% throughput + 62.5% Jain fairness,deterministic,1701,1280,64,1200,1200,0,0,0.19140625,0.2753679199218751,0.2738178505138304
t0375_j0625,37.5% throughput + 62.5% Jain fairness,deterministic,1701,1344,64,1200,1200,0,0,0.1907203311011904,0.2745281498015873,0.2732821822728056
t0375_j0625,37.5% throughput + 62.5% Jain fairness,deterministic,1701,1408,64,1200,1200,0,0,0.1903742009943181,0.2740172600023675,0.2727295382083718
t0375_j0625,37.5% throughput + 62.5% Jain fairness,deterministic,1701,1472,64,1200,1200,0,0,0.1899732506793478,0.2737022333559783,0.2724902407542953
t0375_j0625,37.5% throughput + 62.5% Jain fairness,deterministic,1701,1536,64,1200,1200,0,0,0.1895039876302083,0.2732229444715712,0.2720347446951354
t0375_j0625,37.5% throughput + 62.5% Jain fairness,deterministic,1701,1600,64,1200,1200,0,0,0.18919921875,0.2727405110677083,0.2716575541052678
t0375_j0625,37.5% throughput + 62.5% Jain fairness,deterministic,1701,1664,64,1200,1200,0,0,0.1890024038461538,0.2724890919220754,0.2713788501955544
t0375_j0625,37.5% throughput + 62.5% Jain fairness,deterministic,1701,1728,64,1200,1200,0,0,0.1885669849537037,0.2720798068576389,0.2710878321772058
t0375_j0625,37.5% throughput + 62.5% Jain fairness,deterministic,1701,1792,64,1200,1200,0,0,0.1882237025669642,0.2717223539806548,0.2708069103720223
t0375_j0625,37.5% throughput + 62.5% Jain fairness,deterministic,1701,1856,64,1200,1200,0,0,0.1879714439655172,0.2713205201598418,0.2704987552760386
t0375_j0625,37.5% throughput + 62.5% Jain fairness,deterministic,1701,1920,64,1200,1200,0,0,0.1878662109375,0.2711446126302083,0.2703316884229063
t0375_j0625,37.5% throughput + 62.5% Jain fairness,deterministic,1701,1984,64,1200,1200,0,0,0.1876260080645161,0.2709033596900201,0.2701548424655736
t0375_j0625,37.5% throughput + 62.5% Jain fairness,deterministic,1701,2048,64,1200,1200,0,0,0.1873397827148437,0.2705869293212891,0.2699240946484607
t0375_j0625,37.5% throughput + 62.5% Jain fairness,deterministic,1701,2112,64,1200,1200,0,0,0.187115293560606,0.2702527348682133,0.2696539446377217
t0375_j0625,37.5% throughput + 62.5% Jain fairness,deterministic,1701,2176,64,1200,1200,0,0,0.186990176930147,0.2700024653416055,0.2693910440613026
t0375_j0625,37.5% throughput + 62.5% Jain fairness,deterministic,1701,2240,64,1200,1200,0,0,0.1868931361607143,0.2699659133184523,0.2694336982308158
t0375_j0625,37.5% throughput + 62.5% Jain fairness,deterministic,1701,2304,64,1200,1200,0,0,0.1867947048611111,0.2698520801685474,0.2692848988357635
t0375_j0625,37.5% throughput + 62.5% Jain fairness,deterministic,1701,2368,64,1200,1200,0,0,0.1867741765202702,0.2698423863316441,0.2691557057739588
t0375_j0625,37.5% throughput + 62.5% Jain fairness,deterministic,1701,2432,64,1200,1200,0,0,0.1865748355263158,0.2697449158785635,0.2690379086973801
t0375_j0625,37.5% throughput + 62.5% Jain fairness,deterministic,1701,2496,64,1200,1200,0,0,0.1863731971153846,0.2695351625100161,0.2687931364297192
t0375_j0625,37.5% throughput + 62.5% Jain fairness,deterministic,1701,2560,64,1200,1200,0,0,0.186346435546875,0.2694779968261718,0.2687656475019385
t0375_j0625,37.5% throughput + 62.5% Jain fairness,deterministic,1701,2624,64,1200,1200,0,0,0.1861840224847561,0.2691651383066566,0.2685855270413949
t0375_j0625,37.5% throughput + 62.5% Jain fairness,deterministic,1701,2688,64,1200,1200,0,0,0.1861456008184523,0.2691916038876489,0.2685337684932186
t0375_j0625,37.5% throughput + 62.5% Jain fairness,deterministic,1701,2752,64,1200,1200,0,0,0.1860521893168604,0.2690513906552811,0.2684655471216355
t0375_j0625,37.5% throughput + 62.5% Jain fairness,deterministic,1701,2816,64,1200,1200,0,0,0.1858465021306818,0.2688906028053977,0.2682471477027443
t0375_j0625,37.5% throughput + 62.5% Jain fairness,deterministic,1701,2880,64,1200,1200,0,0,0.1857855902777777,0.2687421332465277,0.268208458173327
t0375_j0625,37.5% throughput + 62.5% Jain fairness,deterministic,1701,2944,64,1200,1200,0,0,0.1857379415760869,0.2686881952700408,0.2681188965419634
t0375_j0625,37.5% throughput + 62.5% Jain fairness,deterministic,1701,3008,64,1200,1200,0,0,0.1856455701462765,0.2684859471963652,0.2679983255139355
t0375_j0625,37.5% throughput + 62.5% Jain fairness,deterministic,1701,3072,64,1200,1200,0,0,0.185638427734375,0.2684698825412327,0.26794548048939
t0375_j0625,37.5% throughput + 62.5% Jain fairness,deterministic,1701,3136,64,1200,1200,0,0,0.1855518574617347,0.2683504148729804,0.2678520708312112
t0375_j0625,37.5% throughput + 62.5% Jain fairness,deterministic,1701,3200,64,1200,1200,0,0,0.1853173828125,0.2680972249348959,0.2676795591102622
t0375_j0625,37.5% throughput + 62.5% Jain fairness,deterministic,1701,3264,64,1200,1200,0,0,0.1852357153799019,0.2679145683338439,0.2675111459885083
t0375_j0625,37.5% throughput + 62.5% Jain fairness,deterministic,1701,3328,64,1200,1200,0,0,0.1851055438701923,0.2679237874348958,0.2675132438007186
t0375_j0625,37.5% throughput + 62.5% Jain fairness,deterministic,1701,3392,64,1200,1200,0,0,0.1849572523584905,0.2677412308986832,0.2673518651271153
t0375_j0625,37.5% throughput + 62.5% Jain fairness,deterministic,1701,3456,64,1200,1200,0,0,0.1848777488425926,0.2677161774811922,0.2673442127303182
t0375_j0625,37.5% throughput + 62.5% Jain fairness,deterministic,1701,3520,64,1200,1200,0,0,0.184920987215909,0.2676617246685606,0.2673119885363074
t0375_j0625,37.5% throughput + 62.5% Jain fairness,deterministic,1701,3584,64,1200,1200,0,0,0.1847621372767857,0.2675123014904204,0.2671867105985723
t0375_j0625,37.5% throughput + 62.5% Jain fairness,deterministic,1701,3648,64,1200,1200,0,0,0.1846816748903508,0.2674703676101059,0.2671207576753028
t0375_j0625,37.5% throughput + 62.5% Jain fairness,deterministic,1701,3712,64,1200,1200,0,0,0.184637661637931,0.267415806562051,0.267089928338051
t0375_j0625,37.5% throughput + 62.5% Jain fairness,deterministic,1701,3776,64,1200,1200,0,0,0.1845827264300847,0.2673084599554202,0.267015558335518
t0375_j0625,37.5% throughput + 62.5% Jain fairness,deterministic,1701,3840,64,1200,1200,0,0,0.1845743815104166,0.2672987331814236,0.2669932799650242
t0375_j0625,37.5% throughput + 62.5% Jain fairness,deterministic,1701,3904,64,1200,1200,0,0,0.1845062756147541,0.267253638095543,0.266971221928127
t0375_j0625,37.5% throughput + 62.5% Jain fairness,deterministic,1701,3968,64,1200,1200,0,0,0.1844915574596774,0.2671816393124159,0.2668959512232838
t0375_j0625,37.5% throughput + 62.5% Jain fairness,deterministic,1701,4032,64,1200,1200,0,0,0.1843377976190476,0.2669792183366402,0.2667614052470598
t0375_j0625,37.5% throughput + 62.5% Jain fairness,deterministic,1701,4096,64,1200,1200,0,0,0.1843185424804687,0.2669762802124023,0.2667448854120291
t0375_j0625,37.5% throughput + 62.5% Jain fairness,deterministic,1701,4160,64,1200,1200,0,0,0.1842735877403846,0.2669023875701121,0.2666775353545474
t0375_j0625,37.5% throughput + 62.5% Jain fairness,deterministic,1701,4224,64,1200,1200,0,0,0.1842336943655303,0.2668573429608585,0.2666050331946341
t0375_j0625,37.5% throughput + 62.5% Jain fairness,deterministic,1701,4288,64,1200,1200,0,0,0.1842350746268656,0.2668468630966263,0.2666111030109609
t0375_j0625,37.5% throughput + 62.5% Jain fairness,deterministic,1701,4352,64,1200,1200,0,0,0.1842112821691176,0.2668847895603555,0.2665535138723165
t0375_j0625,37.5% throughput + 62.5% Jain fairness,deterministic,1701,4416,64,1200,1200,0,0,0.1842058706974637,0.2669177599920743,0.2665621759552397
t0375_j0625,37.5% throughput + 62.5% Jain fairness,deterministic,1701,4480,64,1200,1200,0,0,0.1841552734375,0.2668692278180803,0.2665206148272752
t0375_j0625,37.5% throughput + 62.5% Jain fairness,deterministic,1701,4544,64,1200,1200,0,0,0.1841473646566901,0.2668447403169013,0.2665057391330928
t0375_j0625,37.5% throughput + 62.5% Jain fairness,deterministic,1701,4608,64,1200,1200,0,0,0.1841362847222222,0.266860193323206,0.2664735343875871
t0375_j0625,37.5% throughput + 62.5% Jain fairness,deterministic,1701,4672,64,1200,1200,0,0,0.1841188195633561,0.2668502905161957,0.2664583271397568
t0375_j0625,37.5% throughput + 62.5% Jain fairness,deterministic,1701,4736,64,1200,1200,0,0,0.1841150232263513,0.2668214705183699,0.2664232059746064
t0375_j0625,37.5% throughput + 62.5% Jain fairness,deterministic,1701,4800,64,1200,1200,0,0,0.1840885416666666,0.266754226345486,0.26638889491666
t0375_j0625,37.5% throughput + 62.5% Jain fairness,deterministic,1701,4864,64,1200,1200,0,0,0.1840242084703947,0.2667293615508498,0.2663460335078559
t0375_j0625,37.5% throughput + 62.5% Jain fairness,deterministic,1701,4928,64,1200,1200,0,0,0.1839932528409091,0.2666317313058035,0.2663245443476565
t0375_j0625,37.5% throughput + 62.5% Jain fairness,deterministic,1701,4992,64,1200,1200,0,0,0.1839787409855769,0.2665852968916933,0.2663023102574177
t0375_j0625,37.5% throughput + 62.5% Jain fairness,deterministic,1701,5000,64,1200,1200,0,0,0.183959375,0.2665656145833333,0.266297674964908
t0375_j0625,37.5% throughput + 62.5% Jain fairness,stochastic,1701,64,64,1182,1176,18,24,0.112060546875,0.268121337890625,0.2786272250835818
t0375_j0625,37.5% throughput + 62.5% Jain fairness,stochastic,1701,128,64,1192,1186,0,0,0.093994140625,0.18828125,0.1955975013579577
t0375_j0625,37.5% throughput + 62.5% Jain fairness,stochastic,1701,192,64,1186,1178,0,0,0.087646484375,0.1579889594184027,0.1642230281051676
t0375_j0625,37.5% throughput + 62.5% Jain fairness,stochastic,1701,256,64,1184,1174,0,0,0.08392333984375,0.1421437581380208,0.1471644896478217
t0375_j0625,37.5% throughput + 62.5% Jain fairness,stochastic,1701,320,64,1185,1179,0,0,0.0814453125,0.13010498046875,0.1355179250407386
t0375_j0625,37.5% throughput + 62.5% Jain fairness,stochastic,1701,384,64,1187,1178,0,0,0.0802001953125,0.1217952473958333,0.1272222850764056
t0375_j0625,37.5% throughput + 62.5% Jain fairness,stochastic,1701,448,64,1191,1185,0,0,0.0782993861607142,0.1154804920014881,0.1195681142561716
t0375_j0625,37.5% throughput + 62.5% Jain fairness,stochastic,1701,512,64,1189,1185,0,0,0.0772705078125,0.1114749145507812,0.1149148459763876
t0375_j0625,37.5% throughput + 62.5% Jain fairness,stochastic,1701,576,64,1183,1180,0,0,0.0762803819444444,0.1078887713396991,0.1112084388694569
t0375_j0625,37.5% throughput + 62.5% Jain fairness,stochastic,1701,640,64,1188,1185,0,0,0.075732421875,0.1046151936848957,0.1083507617885076
t0375_j0625,37.5% throughput + 62.5% Jain fairness,stochastic,1701,704,64,1189,1180,0,0,0.0752840909090909,0.1019072931463068,0.1051234347121843
t0375_j0625,37.5% throughput + 62.5% Jain fairness,stochastic,1701,768,64,1190,1181,0,0,0.0746866861979166,0.0997879706488714,0.1023025646244656
t0375_j0625,37.5% throughput + 62.5% Jain fairness,stochastic,1701,832,64,1191,1188,0,0,0.074199969951923,0.0968509928385416,0.099887504959178
t0375_j0625,37.5% throughput + 62.5% Jain fairness,stochastic,1701,896,64,1183,1176,0,0,0.0740094866071428,0.0950195021856399,0.0976802614226979
t0375_j0625,37.5% throughput + 62.5% Jain fairness,stochastic,1701,960,64,1193,1185,0,0,0.0740559895833333,0.0940057237413194,0.0966973342022216
t0375_j0625,37.5% throughput + 62.5% Jain fairness,stochastic,1701,1024,64,1193,1186,0,0,0.0737762451171875,0.0927179718017578,0.0952254878662887
t0375_j0625,37.5% throughput + 62.5% Jain fairness,stochastic,1701,1088,64,1191,1187,0,0,0.0735581341911764,0.0914588359757965,0.0937633322151045
t0375_j0625,37.5% throughput + 62.5% Jain fairness,stochastic,1701,1152,64,1194,1192,0,0,0.0732693142361111,0.0901125081380208,0.0922207638071673
t0375_j0625,37.5% throughput + 62.5% Jain fairness,stochastic,1701,1216,64,1188,1185,0,0,0.0729081003289473,0.0888853695518092,0.0909571616463423
t0375_j0625,37.5% throughput + 62.5% Jain fairness,stochastic,1701,1280,64,1196,1186,0,0,0.07291259765625,0.0879450480143229,0.0899383177146995
t0375_j0625,37.5% throughput + 62.5% Jain fairness,stochastic,1701,1344,64,1190,1186,0,0,0.0724051339285714,0.0866954210069443,0.0887881962407311
t0375_j0625,37.5% throughput + 62.5% Jain fairness,stochastic,1701,1408,64,1185,1178,0,0,0.0721435546875,0.085894054066051,0.0878384346395144
t0375_j0625,37.5% throughput + 62.5% Jain fairness,stochastic,1701,1472,64,1187,1184,0,0,0.0718516474184782,0.08542871447577,0.0872620987100481
t0375_j0625,37.5% throughput + 62.5% Jain fairness,stochastic,1701,1536,64,1187,1183,0,0,0.0717366536458333,0.0844946967230902,0.0860829052479124
t0375_j0625,37.5% throughput + 62.5% Jain fairness,stochastic,1701,1600,64,1190,1184,0,0,0.071513671875,0.0838134277343749,0.085501371861279
t0375_j0625,37.5% throughput + 62.5% Jain fairness,stochastic,1701,1664,64,1184,1174,0,0,0.0713735727163461,0.0833230356069712,0.0849668740518044
t0375_j0625,37.5% throughput + 62.5% Jain fairness,stochastic,1701,1728,64,1195,1192,0,0,0.0712619357638889,0.0822440441743827,0.0836587245735732
t0375_j0625,37.5% throughput + 62.5% Jain fairness,stochastic,1701,1792,64,1188,1182,0,0,0.0710536411830357,0.081830575125558,0.0832737483435147
t0375_j0625,37.5% throughput + 62.5% Jain fairness,stochastic,1701,1856,64,1187,1183,0,0,0.0709607354525862,0.0813203377559267,0.0828157824135166
t0375_j0625,37.5% throughput + 62.5% Jain fairness,stochastic,1701,1920,64,1188,1183,0,0,0.0709879557291666,0.080850111219618,0.0822428150131622
t0375_j0625,37.5% throughput + 62.5% Jain fairness,stochastic,1701,1984,64,1192,1187,0,0,0.0708244077620967,0.0802899629326276,0.0817071628045418
t0375_j0625,37.5% throughput + 62.5% Jain fairness,stochastic,1701,2048,64,1184,1178,0,0,0.0706558227539062,0.0796500523885091,0.0810655302066548
t0375_j0625,37.5% throughput + 62.5% Jain fairness,stochastic,1701,2112,64,1185,1181,0,0,0.0706454190340909,0.0790050159801135,0.0803852591148724
t0375_j0625,37.5% throughput + 62.5% Jain fairness,stochastic,1701,2176,64,1189,1184,0,0,0.0704991957720588,0.0788377230775122,0.0800593337590464
t0375_j0625,37.5% throughput + 62.5% Jain fairness,stochastic,1701,2240,64,1185,1180,0,0,0.070361328125,0.0782488257998511,0.0794010590296621
t0375_j0625,37.5% throughput + 62.5% Jain fairness,stochastic,1701,2304,64,1194,1187,0,0,0.0704006618923611,0.0776318133318866,0.0789778016402296
t0375_j0625,37.5% throughput + 62.5% Jain fairness,stochastic,1701,2368,64,1186,1179,0,0,0.0703190983952702,0.0773968230926239,0.0787944728751508
t0375_j0625,37.5% throughput + 62.5% Jain fairness,stochastic,1701,2432,64,1189,1184,0,0,0.0702675267269736,0.0773100200452302,0.0785168440792277
t0375_j0625,37.5% throughput + 62.5% Jain fairness,stochastic,1701,2496,64,1187,1182,0,0,0.0702185997596153,0.0768440963875535,0.0781306155904441
t0375_j0625,37.5% throughput + 62.5% Jain fairness,stochastic,1701,2560,64,1194,1192,0,0,0.0700927734375,0.0764492899576822,0.0775851866170196
t0375_j0625,37.5% throughput + 62.5% Jain fairness,stochastic,1701,2624,64,1181,1180,0,0,0.0700862233231707,0.0764959865663109,0.0778263099381924
t0375_j0625,37.5% throughput + 62.5% Jain fairness,stochastic,1701,2688,64,1189,1183,0,0,0.0700567336309523,0.0763402351500496,0.0776986103305794
t0375_j0625,37.5% throughput + 62.5% Jain fairness,stochastic,1701,2752,64,1189,1183,0,0,0.0700853924418604,0.0764174350472383,0.0778162089004145
t0375_j0625,37.5% throughput + 62.5% Jain fairness,stochastic,1701,2816,64,1189,1183,0,0,0.070101651278409,0.0764069898200758,0.0778336314112448
t0375_j0625,37.5% throughput + 62.5% Jain fairness,stochastic,1701,2880,64,1193,1187,0,0,0.0699273003472222,0.076175537109375,0.0776807140546221
t0375_j0625,37.5% throughput + 62.5% Jain fairness,stochastic,1701,2944,64,1191,1186,0,0,0.0699144446331521,0.0760678056357562,0.0774413242439967
t0375_j0625,37.5% throughput + 62.5% Jain fairness,stochastic,1701,3008,64,1192,1188,0,0,0.0698813580452127,0.0758713829094637,0.0770651145209969
t0375_j0625,37.5% throughput + 62.5% Jain fairness,stochastic,1701,3072,64,1195,1190,0,0,0.0697377522786458,0.0756870608859592,0.0766766456632099
t0375_j0625,37.5% throughput + 62.5% Jain fairness,stochastic,1701,3136,64,1191,1185,0,0,0.0697694116709183,0.075663531037415,0.0766266783291629
t0375_j0625,37.5% throughput + 62.5% Jain fairness,stochastic,1701,3200,64,1186,1181,0,0,0.0697998046875,0.0755874348958334,0.0765249094743543
t0375_j0625,37.5% throughput + 62.5% Jain fairness,stochastic,1701,3264,64,1190,1185,0,0,0.0697715609681372,0.0755725895501429,0.0765217156132509
t0375_j0625,37.5% throughput + 62.5% Jain fairness,stochastic,1701,3328,64,1188,1186,0,0,0.0697256234975961,0.0753356385842348,0.0763636592890956
t0375_j0625,37.5% throughput + 62.5% Jain fairness,stochastic,1701,3392,64,1191,1181,0,0,0.0696998452240566,0.0753916998329401,0.0764012946226648
t0375_j0625,37.5% throughput + 62.5% Jain fairness,stochastic,1701,3456,64,1191,1188,0,0,0.0695891203703703,0.0754318953149112,0.0763448408710218
t0375_j0625,37.5% throughput + 62.5% Jain fairness,stochastic,1701,3520,64,1193,1187,0,0,0.06953125,0.0751706247040719,0.0761314600423228
t0375_j0625,37.5% throughput + 62.5% Jain fairness,stochastic,1701,3584,64,1190,1184,0,0,0.0696193150111607,0.0751849873860677,0.0760572003101075
t0375_j0625,37.5% throughput + 62.5% Jain fairness,stochastic,1701,3648,64,1195,1188,0,0,0.069567228618421,0.0752411995157164,0.0761701881175234
t0375_j0625,37.5% throughput + 62.5% Jain fairness,stochastic,1701,3712,64,1191,1186,0,0,0.0695464035560344,0.0751147531092851,0.0760465646712049
t0375_j0625,37.5% throughput + 62.5% Jain fairness,stochastic,1701,3776,64,1184,1176,0,0,0.0695221464512711,0.0748172186727578,0.0757684462514199
t0375_j0625,37.5% throughput + 62.5% Jain fairness,stochastic,1701,3840,64,1185,1181,0,0,0.06949462890625,0.0747410278320311,0.0756187067984291
t0375_j0625,37.5% throughput + 62.5% Jain fairness,stochastic,1701,3904,64,1185,1174,0,0,0.0695120389344262,0.0749489372545252,0.0758300192026808
t0375_j0625,37.5% throughput + 62.5% Jain fairness,stochastic,1701,3968,64,1185,1180,0,0,0.069521011844758,0.0746583934496808,0.0755508423888862
t0375_j0625,37.5% throughput + 62.5% Jain fairness,stochastic,1701,4032,64,1191,1182,0,0,0.0693979414682539,0.074524913969494,0.0754031433535806
t0375_j0625,37.5% throughput + 62.5% Jain fairness,stochastic,1701,4096,64,1186,1179,0,0,0.0694160461425781,0.0743579037984212,0.0752284586628223
t0375_j0625,37.5% throughput + 62.5% Jain fairness,stochastic,1701,4160,64,1184,1183,0,0,0.0693772536057692,0.07444387895633,0.075316555753168
t0375_j0625,37.5% throughput + 62.5% Jain fairness,stochastic,1701,4224,64,1190,1190,0,0,0.0693137428977272,0.0741609392262468,0.0751240138918585
t0375_j0625,37.5% throughput + 62.5% Jain fairness,stochastic,1701,4288,64,1189,1183,0,0,0.069306786380597,0.0738859231673662,0.0747805838048295
t0375_j0625,37.5% throughput + 62.5% Jain fairness,stochastic,1701,4352,64,1187,1180,0,0,0.0692784926470588,0.0737371287626378,0.0746485296289053
t0375_j0625,37.5% throughput + 62.5% Jain fairness,stochastic,1701,4416,64,1192,1189,0,0,0.0693111696105072,0.0738256482110506,0.0747212739850474
t0375_j0625,37.5% throughput + 62.5% Jain fairness,stochastic,1701,4480,64,1193,1189,0,0,0.0692766462053571,0.0736611211867559,0.0745393123567517
t0375_j0625,37.5% throughput + 62.5% Jain fairness,stochastic,1701,4544,64,1185,1181,0,0,0.0692327794894366,0.0736195968126467,0.07446785652422
t0375_j0625,37.5% throughput + 62.5% Jain fairness,stochastic,1701,4608,64,1190,1189,0,0,0.0692477756076389,0.0734616314923321,0.0743309652186691
t0375_j0625,37.5% throughput + 62.5% Jain fairness,stochastic,1701,4672,64,1183,1175,0,0,0.0692489833047945,0.0735595368685788,0.0743868235375727
t0375_j0625,37.5% throughput + 62.5% Jain fairness,stochastic,1701,4736,64,1187,1184,0,0,0.0692732527449324,0.0734941307274071,0.0743327046653396
t0375_j0625,37.5% throughput + 62.5% Jain fairness,stochastic,1701,4800,64,1189,1182,0,0,0.0693196614583333,0.0732592990451388,0.074133803258372
t0375_j0625,37.5% throughput + 62.5% Jain fairness,stochastic,1701,4864,64,1189,1187,0,0,0.0692395662006579,0.0731070856462444,0.0739640384782393
t0375_j0625,37.5% throughput + 62.5% Jain fairness,stochastic,1701,4928,64,1184,1179,0,0,0.0691710633116883,0.0728925538166259,0.0737942780891192
t0375_j0625,37.5% throughput + 62.5% Jain fairness,stochastic,1701,4992,64,1184,1181,0,0,0.0691293569711538,0.0727198308961004,0.0735477409155026
t0375_j0625,37.5% throughput + 62.5% Jain fairness,stochastic,1701,5000,64,1183,1177,0,0,0.06915,0.0727484635416666,0.0735768041529394
t025_j075,25% throughput + 75% Jain fairness,deterministic,1701,64,64,723,657,477,543,0.485595703125,0.7795365397135416,0.7963294027288335
t025_j075,25% throughput + 75% Jain fairness,deterministic,1701,128,64,1161,1069,0,56,0.41259765625,0.6788228352864584,0.6924891363389463
t025_j075,25% throughput + 75% Jain fairness,deterministic,1701,192,64,990,904,0,53,0.395263671875,0.649637179904514,0.6640352070111817
t025_j075,25% throughput + 75% Jain fairness,deterministic,1701,256,64,994,899,0,53,0.38494873046875,0.6386525472005208,0.6520415787922081
t025_j075,25% throughput + 75% Jain fairness,deterministic,1701,320,64,831,758,0,53,0.38251953125,0.6461761881510417,0.6593214738366829
t025_j075,25% throughput + 75% Jain fairness,deterministic,1701,384,64,760,703,0,53,0.3846842447916667,0.6577728949652777,0.6697666727006681
t025_j075,25% throughput + 75% Jain fairness,deterministic,1701,448,64,700,631,0,53,0.3821498325892857,0.6664140392485118,0.6787606307354271
t025_j075,25% throughput + 75% Jain fairness,deterministic,1701,512,64,547,507,0,53,0.383056640625,0.6774886067708333,0.6891347763151944
t025_j075,25% throughput + 75% Jain fairness,deterministic,1701,576,64,520,488,0,53,0.3786892361111111,0.6740033185040509,0.686018222570659
t025_j075,25% throughput + 75% Jain fairness,deterministic,1701,640,64,435,408,0,53,0.3804443359375,0.6811405843098959,0.692931303404313
t025_j075,25% throughput + 75% Jain fairness,deterministic,1701,704,64,429,407,0,53,0.3821910511363636,0.6883909653172348,0.6993833608774657
t025_j075,25% throughput + 75% Jain fairness,deterministic,1701,768,64,398,381,0,53,0.3813883463541667,0.6928064643012152,0.7030114548702987
t025_j075,25% throughput + 75% Jain fairness,deterministic,1701,832,64,363,347,0,53,0.38037109375,0.6991954627403846,0.7087096566508667
t025_j075,25% throughput + 75% Jain fairness,deterministic,1701,896,64,365,348,0,53,0.3787493024553571,0.7038804699125744,0.7127486553926512
t025_j075,25% throughput + 75% Jain fairness,deterministic,1701,960,64,348,335,0,53,0.37646484375,0.709674750434028,0.7180145448292091
t025_j075,25% throughput + 75% Jain fairness,deterministic,1701,1024,64,356,341,0,53,0.3758087158203125,0.7145238749186198,0.7222591080633023
t025_j075,25% throughput + 75% Jain fairness,deterministic,1701,1088,64,352,339,0,53,0.3744111902573529,0.7184930778952208,0.725763949903353
t025_j075,25% throughput + 75% Jain fairness,deterministic,1701,1152,64,347,334,0,53,0.3742133246527778,0.7228631591796875,0.729766603301047
t025_j075,25% throughput + 75% Jain fairness,deterministic,1701,1216,64,348,335,0,53,0.3748458059210526,0.7266538171600878,0.7331317459863617
t025_j075,25% throughput + 75% Jain fairness,deterministic,1701,1280,64,349,332,0,53,0.372802734375,0.7288818969726564,0.734932092896917
t025_j075,25% throughput + 75% Jain fairness,deterministic,1701,1344,64,347,338,0,53,0.3726167224702381,0.7322782389322917,0.7380374418003104
t025_j075,25% throughput + 75% Jain fairness,deterministic,1701,1408,64,333,324,0,53,0.3726584694602273,0.7351952385179925,0.7407253831122084
t025_j075,25% throughput + 75% Jain fairness,deterministic,1701,1472,64,341,326,0,53,0.371879245923913,0.7381603296252263,0.743462899125603
t025_j075,25% throughput + 75% Jain fairness,deterministic,1701,1536,64,334,317,0,53,0.37060546875,0.7404342481825086,0.7455305996213235
t025_j075,25% throughput + 75% Jain fairness,deterministic,1701,1600,64,329,316,0,53,0.371162109375,0.7434717610677084,0.7484236535670201
t025_j075,25% throughput + 75% Jain fairness,deterministic,1701,1664,64,327,316,0,53,0.3708777794471153,0.7458599540514823,0.7506584826088772
t025_j075,25% throughput + 75% Jain fairness,deterministic,1701,1728,64,331,326,0,53,0.369556568287037,0.7478046181761189,0.7523789249690022
t025_j075,25% throughput + 75% Jain fairness,deterministic,1701,1792,64,338,328,0,53,0.3687395368303571,0.7493107386997769,0.7537075697339928
t025_j075,25% throughput + 75% Jain fairness,deterministic,1701,1856,64,322,311,0,53,0.3683913658405172,0.7513461128322558,0.7555914544552695
t025_j075,25% throughput + 75% Jain fairness,deterministic,1701,1920,64,331,324,0,53,0.3683349609375,0.7531705864800347,0.7572567763977217
t025_j075,25% throughput + 75% Jain fairness,deterministic,1701,1984,64,326,314,0,53,0.3684869581653225,0.7550330902427754,0.7589888951142003
t025_j075,25% throughput + 75% Jain fairness,deterministic,1701,2048,64,335,329,0,53,0.3688201904296875,0.7566541417439778,0.7604714612840303
t025_j075,25% throughput + 75% Jain fairness,deterministic,1701,2112,64,324,311,0,53,0.3695993134469697,0.7584197073271779,0.7621683718928284
t025_j075,25% throughput + 75% Jain fairness,deterministic,1701,2176,64,328,314,0,53,0.3700525620404412,0.7598254992915133,0.7634574952107281
t025_j075,25% throughput + 75% Jain fairness,deterministic,1701,2240,64,317,308,0,53,0.3698102678571429,0.7612557663690477,0.7647632688818942
t025_j075,25% throughput + 75% Jain fairness,deterministic,1701,2304,64,313,303,0,53,0.3707614474826389,0.7628868837709781,0.766347958504452
t025_j075,25% throughput + 75% Jain fairness,deterministic,1701,2368,64,331,322,0,53,0.3714302681587837,0.7643110395551802,0.7676931292187829
t025_j075,25% throughput + 75% Jain fairness,deterministic,1701,2432,64,327,321,0,53,0.3714792351973684,0.7651580810546875,0.7684709500317702
t025_j075,25% throughput + 75% Jain fairness,deterministic,1701,2496,64,323,314,0,53,0.371006109775641,0.7663146450988249,0.7695210328860571
t025_j075,25% throughput + 75% Jain fairness,deterministic,1701,2560,64,327,319,0,53,0.370928955078125,0.7671136881510415,0.7702176746404776
t025_j075,25% throughput + 75% Jain fairness,deterministic,1701,2624,64,316,311,0,53,0.3712247522865853,0.7683054655741868,0.7713321289445939
t025_j075,25% throughput + 75% Jain fairness,deterministic,1701,2688,64,317,307,0,53,0.3714832124255952,0.7691980464874754,0.7721280470343026
t025_j075,25% throughput + 75% Jain fairness,deterministic,1701,2752,64,323,315,0,53,0.3716501635174418,0.7699172098322432,0.77279171688109
t025_j075,25% throughput + 75% Jain fairness,deterministic,1701,2816,64,310,303,0,53,0.3719981800426136,0.7708193414861504,0.7736216260663995
t025_j075,25% throughput + 75% Jain fairness,deterministic,1701,2880,64,304,293,0,53,0.3722927517361111,0.7719367223668981,0.7747204337699971
t025_j075,25% throughput + 75% Jain fairness,deterministic,1701,2944,64,315,305,0,53,0.3720490828804347,0.772740867725317,0.7754563342296865
t025_j075,25% throughput + 75% Jain fairness,deterministic,1701,3008,64,306,300,0,53,0.3722365359042553,0.7737919367796985,0.7764810737870316
t025_j075,25% throughput + 75% Jain fairness,deterministic,1701,3072,64,310,301,0,53,0.3718719482421875,0.7741986592610677,0.7768215035837734
t025_j075,25% throughput + 75% Jain fairness,deterministic,1701,3136,64,313,301,0,53,0.3719357860331632,0.774649807676977,0.7772258206189981
t025_j075,25% throughput + 75% Jain fairness,deterministic,1701,3200,64,316,304,0,53,0.3714892578125,0.7749883870442709,0.7774870677649119
t025_j075,25% throughput + 75% Jain fairness,deterministic,1701,3264,64,322,314,0,53,0.3708926930147059,0.7753936089409721,0.7778347520749094
t025_j075,25% throughput + 75% Jain fairness,deterministic,1701,3328,64,296,293,0,53,0.37115478515625,0.7761126004732573,0.7785084245529458
t025_j075,25% throughput + 75% Jain fairness,deterministic,1701,3392,64,323,313,0,53,0.3711121757075472,0.7765209807389939,0.778865541019142
t025_j075,25% throughput + 75% Jain fairness,deterministic,1701,3456,64,287,282,0,53,0.3710575810185185,0.777167509102527,0.7794519430485763
t025_j075,25% throughput + 75% Jain fairness,deterministic,1701,3520,64,302,293,0,53,0.3708629261363636,0.7776793989701704,0.7799129740981713
t025_j075,25% throughput + 75% Jain fairness,deterministic,1701,3584,64,318,308,0,53,0.3707318987165178,0.7780514526367187,0.7802225910133412
t025_j075,25% throughput + 75% Jain fairness,deterministic,1701,3648,64,300,297,0,53,0.3702114172149123,0.7783216117278873,0.7804202809543305
t025_j075,25% throughput + 75% Jain fairness,deterministic,1701,3712,64,292,281,0,53,0.3697930697737069,0.7789243430652838,0.7810007212981809
t025_j075,25% throughput + 75% Jain fairness,deterministic,1701,3776,64,295,290,0,53,0.369335109904661,0.7794247867562676,0.781454792905577
t025_j075,25% throughput + 75% Jain fairness,deterministic,1701,3840,64,290,285,0,53,0.3692097981770833,0.7799739040798609,0.7819596232559192
t025_j075,25% throughput + 75% Jain fairness,deterministic,1701,3904,64,295,286,0,53,0.3689405097336065,0.7804153192238729,0.7823712456534471
t025_j075,25% throughput + 75% Jain fairness,deterministic,1701,3968,64,293,287,0,53,0.3688177293346774,0.7809312914776547,0.7828545560773228
t025_j075,25% throughput + 75% Jain fairness,deterministic,1701,4032,64,320,303,0,53,0.3685128348214285,0.7808973524305555,0.7827979221413288
t025_j075,25% throughput + 75% Jain fairness,deterministic,1701,4096,64,288,283,0,53,0.3683929443359375,0.7814926719665527,0.7833525443970969
t025_j075,25% throughput + 75% Jain fairness,deterministic,1701,4160,64,312,303,0,53,0.3684157151442307,0.7818868689903847,0.7837289549638312
t025_j075,25% throughput + 75% Jain fairness,deterministic,1701,4224,64,301,293,0,53,0.3681825580018939,0.7822086218631629,0.7840171811697887
t025_j075,25% throughput + 75% Jain fairness,deterministic,1701,4288,64,292,286,0,53,0.3680802530317164,0.782610440230488,0.7843876185153233
t025_j075,25% throughput + 75% Jain fairness,deterministic,1701,4352,64,296,291,0,53,0.3680743049172794,0.7829696415919882,0.784733025916895
t025_j075,25% throughput + 75% Jain fairness,deterministic,1701,4416,64,287,283,0,53,0.3680260699728261,0.7834652990073975,0.7851982809814649
t025_j075,25% throughput + 75% Jain fairness,deterministic,1701,4480,64,282,273,0,53,0.3683000837053571,0.7839456845238097,0.7856668229962043
t025_j075,25% throughput + 75% Jain fairness,deterministic,1701,4544,64,281,274,0,53,0.3681193606954225,0.7844059932511736,0.7861140936092602
t025_j075,25% throughput + 75% Jain fairness,deterministic,1701,4608,64,287,281,0,53,0.3678012424045139,0.7848102936921297,0.7864895792907085
t025_j075,25% throughput + 75% Jain fairness,deterministic,1701,4672,64,300,294,0,53,0.3677025363869863,0.7851272987121861,0.7867811301542944
t025_j075,25% throughput + 75% Jain fairness,deterministic,1701,4736,64,294,291,0,53,0.3680815825591216,0.7855965664150479,0.7872398206493915
t025_j075,25% throughput + 75% Jain fairness,deterministic,1701,4800,64,282,274,0,53,0.3682454427083333,0.7860505859375,0.7876754382792402
t025_j075,25% throughput + 75% Jain fairness,deterministic,1701,4864,64,286,278,0,53,0.3680612664473684,0.7864756908751371,0.7880866670473566
t025_j075,25% throughput + 75% Jain fairness,deterministic,1701,4928,64,274,267,0,53,0.3678565087256493,0.7869190774232276,0.7885021416217853
t025_j075,25% throughput + 75% Jain fairness,deterministic,1701,4992,64,278,269,0,53,0.3677196013621794,0.7873082244090543,0.7888764182664723
t025_j075,25% throughput + 75% Jain fairness,deterministic,1701,5000,64,278,268,0,53,0.367696875,0.7873678697916667,0.7889409616748768
t025_j075,25% throughput + 75% Jain fairness,stochastic,1701,64,64,1166,1142,34,58,0.11328125,0.2841670735677083,0.3016289418993403
t025_j075,25% throughput + 75% Jain fairness,stochastic,1701,128,64,1161,1148,0,3,0.09619140625,0.2047151692708333,0.2178229675900778
t025_j075,25% throughput + 75% Jain fairness,stochastic,1701,192,64,1170,1152,0,0,0.0874837239583333,0.1641380479600694,0.1766705953460259
t025_j075,25% throughput + 75% Jain fairness,stochastic,1701,256,64,1168,1155,0,0,0.0838623046875,0.1418209838867187,0.1510562509921309
t025_j075,25% throughput + 75% Jain fairness,stochastic,1701,320,64,1168,1149,0,0,0.081640625,0.1289149576822916,0.1364503892811878
t025_j075,25% throughput + 75% Jain fairness,stochastic,1701,384,64,1178,1168,0,0,0.07861328125,0.1171483018663193,0.1236660708090086
t025_j075,25% throughput + 75% Jain fairness,stochastic,1701,448,64,1177,1162,0,0,0.0769391741071428,0.1106329636346726,0.1167848003101977
t025_j075,25% throughput + 75% Jain fairness,stochastic,1701,512,64,1173,1158,0,0,0.07537841796875,0.1029624938964843,0.1088131021848283
t025_j075,25% throughput + 75% Jain fairness,stochastic,1701,576,64,1175,1155,0,0,0.07470703125,0.0974409089265047,0.1031995537329635
t025_j075,25% throughput + 75% Jain fairness,stochastic,1701,640,64,1173,1155,0,0,0.073681640625,0.0958843587239583,0.1012769338577694
t025_j075,25% throughput + 75% Jain fairness,stochastic,1701,704,64,1177,1160,0,0,0.0727761008522727,0.0920913973721591,0.0979288251399816
t025_j075,25% throughput + 75% Jain fairness,stochastic,1701,768,64,1167,1152,0,0,0.0717569986979166,0.089143575032552,0.0943349277427233
t025_j075,25% throughput + 75% Jain fairness,stochastic,1701,832,64,1171,1157,0,0,0.0717397836538461,0.0859244165665063,0.0910401919636952
t025_j075,25% throughput + 75% Jain fairness,stochastic,1701,896,64,1175,1156,0,0,0.0706787109375,0.0842339215959822,0.0899292141804359
t025_j075,25% throughput + 75% Jain fairness,stochastic,1701,960,64,1171,1148,0,0,0.0699055989583333,0.0817854275173611,0.0875269415732913
t025_j075,25% throughput + 75% Jain fairness,stochastic,1701,1024,64,1163,1141,0,0,0.069488525390625,0.0788778177897135,0.0843938943866379
t025_j075,25% throughput + 75% Jain fairness,stochastic,1701,1088,64,1168,1146,0,0,0.0691348805147058,0.077407896752451,0.0827333636852559
t025_j075,25% throughput + 75% Jain fairness,stochastic,1701,1152,64,1173,1157,0,0,0.068603515625,0.0754638897931134,0.0806986562465425
t025_j075,25% throughput + 75% Jain fairness,stochastic,1701,1216,64,1170,1160,0,0,0.0684750205592105,0.0733452405427632,0.0785283921142547
t025_j075,25% throughput + 75% Jain fairness,stochastic,1701,1280,64,1171,1154,0,0,0.06798095703125,0.0709658813476562,0.0762579111775092
t025_j075,25% throughput + 75% Jain fairness,stochastic,1701,1344,64,1166,1155,0,0,0.0676502046130952,0.0698244706411209,0.0748663347128814
t025_j075,25% throughput + 75% Jain fairness,stochastic,1701,1408,64,1171,1155,0,0,0.0673717151988636,0.0684432151100852,0.0734830504988173
t025_j075,25% throughput + 75% Jain fairness,stochastic,1701,1472,64,1180,1164,0,0,0.0670325237771739,0.0669884015511775,0.0719998780094287
t025_j075,25% throughput + 75% Jain fairness,stochastic,1701,1536,64,1172,1158,0,0,0.0666300455729166,0.0662205674913193,0.0712466526360255
t025_j075,25% throughput + 75% Jain fairness,stochastic,1701,1600,64,1171,1155,0,0,0.06650390625,0.0655334798177083,0.0703196273894457
t025_j075,25% throughput + 75% Jain fairness,stochastic,1701,1664,64,1166,1159,0,0,0.0665001502403846,0.0646567946213942,0.0692549793310786
t025_j075,25% throughput + 75% Jain fairness,stochastic,1701,1728,64,1159,1140,0,0,0.0663158275462963,0.0637825219425154,0.068142522033444
t025_j075,25% throughput + 75% Jain fairness,stochastic,1701,1792,64,1172,1153,0,0,0.0660574776785714,0.0630510021391368,0.0672403439025178
t025_j075,25% throughput + 75% Jain fairness,stochastic,1701,1856,64,1174,1159,0,0,0.0659011314655172,0.0625294091235631,0.066541843314522
t025_j075,25% throughput + 75% Jain fairness,stochastic,1701,1920,64,1174,1158,0,0,0.0655924479166666,0.0614356011284722,0.06541691920791
t025_j075,25% throughput + 75% Jain fairness,stochastic,1701,1984,64,1176,1157,0,0,0.0655084425403225,0.0610996828797042,0.0648426479557146
t025_j075,25% throughput + 75% Jain fairness,stochastic,1701,2048,64,1168,1153,0,0,0.0654678344726562,0.0606011962890625,0.0640234359539761
t025_j075,25% throughput + 75% Jain fairness,stochastic,1701,2112,64,1180,1166,0,0,0.0653335108901515,0.0596879069010416,0.0631263005091004
t025_j075,25% throughput + 75% Jain fairness,stochastic,1701,2176,64,1173,1165,0,0,0.0652573529411764,0.0588541546989889,0.0621645114942528
t025_j075,25% throughput + 75% Jain fairness,stochastic,1701,2240,64,1173,1165,0,0,0.0650460379464285,0.0579281529017856,0.0611505512226132
t025_j075,25% throughput + 75% Jain fairness,stochastic,1701,2304,64,1164,1153,0,0,0.0648668077256944,0.0570953256112557,0.0602915803222686
t025_j075,25% throughput + 75% Jain fairness,stochastic,1701,2368,64,1175,1160,0,0,0.064479518581081,0.0562221547719593,0.0592985028666949
t025_j075,25% throughput + 75% Jain fairness,stochastic,1701,2432,64,1168,1147,0,0,0.0643631784539473,0.0559161484032347,0.0590260216988294
t025_j075,25% throughput + 75% Jain fairness,stochastic,1701,2496,64,1176,1167,0,0,0.0644093048878205,0.0554505855201656,0.0585763731893886
t025_j075,25% throughput + 75% Jain fairness,stochastic,1701,2560,64,1168,1144,0,0,0.064215087890625,0.0551693115234375,0.058292916036471
t025_j075,25% throughput + 75% Jain fairness,stochastic,1701,2624,64,1173,1158,0,0,0.0641434832317073,0.0548728583111026,0.0579046172646699
t025_j075,25% throughput + 75% Jain fairness,stochastic,1701,2688,64,1169,1160,0,0,0.0640345982142857,0.0543125988188243,0.0572790610795668
t025_j075,25% throughput + 75% Jain fairness,stochastic,1701,2752,64,1167,1153,0,0,0.0638853561046511,0.0539718651586724,0.0568617773066561
t025_j075,25% throughput + 75% Jain fairness,stochastic,1701,2816,64,1167,1152,0,0,0.0636208274147727,0.0532792062470406,0.056174540034947
t025_j075,25% throughput + 75% Jain fairness,stochastic,1701,2880,64,1168,1152,0,0,0.0634874131944444,0.0526496310763889,0.0557700241340575
t025_j075,25% throughput + 75% Jain fairness,stochastic,1701,2944,64,1163,1143,0,0,0.0634553328804347,0.0526243524966033,0.0557450641600225
t025_j075,25% throughput + 75% Jain fairness,stochastic,1701,3008,64,1168,1158,0,0,0.0633415059840425,0.0519694356715425,0.0551692231192568
t025_j075,25% throughput + 75% Jain fairness,stochastic,1701,3072,64,1170,1155,0,0,0.0632985432942708,0.0517134602864583,0.0550602271764008
t025_j075,25% throughput + 75% Jain fairness,stochastic,1701,3136,64,1174,1159,0,0,0.0632274394132653,0.0511339750744048,0.0543581751884083
t025_j075,25% throughput + 75% Jain fairness,stochastic,1701,3200,64,1172,1155,0,0,0.063037109375,0.050629345703125,0.0538540773618963
t025_j075,25% throughput + 75% Jain fairness,stochastic,1701,3264,64,1167,1146,0,0,0.0629356234681372,0.0502374147901347,0.0534018142157905
t025_j075,25% throughput + 75% Jain fairness,stochastic,1701,3328,64,1169,1154,0,0,0.0628849909855769,0.0498249934269832,0.0529465326112288
t025_j075,25% throughput + 75% Jain fairness,stochastic,1701,3392,64,1167,1145,0,0,0.0627948113207547,0.0493853798152516,0.0525174522303865
t025_j075,25% throughput + 75% Jain fairness,stochastic,1701,3456,64,1170,1151,0,0,0.0627848307291666,0.0491599904755016,0.0522500586264656
t025_j075,25% throughput + 75% Jain fairness,stochastic,1701,3520,64,1180,1165,0,0,0.0626642400568181,0.0484244051846591,0.0515148820828009
t025_j075,25% throughput + 75% Jain fairness,stochastic,1701,3584,64,1163,1152,0,0,0.0625479561941964,0.0480990745907738,0.0510528313467066
t025_j075,25% throughput + 75% Jain fairness,stochastic,1701,3648,64,1178,1164,0,0,0.0624957168311403,0.0480103895399306,0.050810401848484
t025_j075,25% throughput + 75% Jain fairness,stochastic,1701,3712,64,1174,1159,0,0,0.0624368601831896,0.0480673743938577,0.0507781793654135
t025_j075,25% throughput + 75% Jain fairness,stochastic,1701,3776,64,1170,1153,0,0,0.0623634467690678,0.0476300359176377,0.0503321965637824
t025_j075,25% throughput + 75% Jain fairness,stochastic,1701,3840,64,1168,1151,0,0,0.0623494466145833,0.0474447021484375,0.0501351130307621
t025_j075,25% throughput + 75% Jain fairness,stochastic,1701,3904,64,1171,1153,0,0,0.0622878778176229,0.0470380806010928,0.0496661143115579
t025_j075,25% throughput + 75% Jain fairness,stochastic,1701,3968,64,1172,1154,0,0,0.0622794858870967,0.0469185712260584,0.0495425432281386
t025_j075,25% throughput + 75% Jain fairness,stochastic,1701,4032,64,1166,1145,0,0,0.062313988095238,0.0469086629877644,0.0494753873547868
t025_j075,25% throughput + 75% Jain fairness,stochastic,1701,4096,64,1169,1157,0,0,0.0623550415039062,0.0464810498555501,0.0489831633770768
t025_j075,25% throughput + 75% Jain fairness,stochastic,1701,4160,64,1174,1160,0,0,0.0622295673076923,0.0460529284354968,0.0485844821299845
t025_j075,25% throughput + 75% Jain fairness,stochastic,1701,4224,64,1167,1148,0,0,0.0622706557765151,0.0459629436454387,0.048449699576227
t025_j075,25% throughput + 75% Jain fairness,stochastic,1701,4288,64,1171,1156,0,0,0.0622667910447761,0.0458248916550062,0.0482104641791105
t025_j075,25% throughput + 75% Jain fairness,stochastic,1701,4352,64,1161,1143,0,0,0.0621301987591911,0.0455067593443628,0.0479113341022069
t025_j075,25% throughput + 75% Jain fairness,stochastic,1701,4416,64,1172,1157,0,0,0.0621426347373188,0.0454651468617904,0.0478117056601894
t025_j075,25% throughput + 75% Jain fairness,stochastic,1701,4480,64,1174,1159,0,0,0.062109375,0.0452809651692708,0.0475971504096867
t025_j075,25% throughput + 75% Jain fairness,stochastic,1701,4544,64,1155,1141,0,0,0.0620976837588028,0.0450807096812646,0.0473419382119785
t025_j075,25% throughput + 75% Jain fairness,stochastic,1701,4608,64,1173,1160,0,0,0.0621676974826388,0.0447991717303241,0.0470742982631314
t025_j075,25% throughput + 75% Jain fairness,stochastic,1701,4672,64,1179,1163,0,0,0.0620752622003424,0.0444355557933789,0.0467307763772036
t025_j075,25% throughput + 75% Jain fairness,stochastic,1701,4736,64,1173,1159,0,0,0.0620447107263513,0.0442813357791385,0.0464955669436716
t025_j075,25% throughput + 75% Jain fairness,stochastic,1701,4800,64,1173,1160,0,0,0.06197265625,0.0439750379774305,0.0460997427347274
t025_j075,25% throughput + 75% Jain fairness,stochastic,1701,4864,64,1176,1162,0,0,0.061998869243421,0.0438247894822505,0.045949241534704
t025_j075,25% throughput + 75% Jain fairness,stochastic,1701,4928,64,1172,1162,0,0,0.0618975750811688,0.0435715236911526,0.0456887973455161
t025_j075,25% throughput + 75% Jain fairness,stochastic,1701,4992,64,1173,1152,0,0,0.0618489583333333,0.0434192572699652,0.045552647256888
t025_j075,25% throughput + 75% Jain fairness,stochastic,1701,5000,64,1173,1153,0,0,0.0618625,0.0434282604166666,0.0455497512610526
