case_id,label,focus_component,component_label,regime,regime_label,throughput_weight,jain_weight,service_weight,x_weight,global_env_steps,seed,profile_seed,validation_seed,device,run_status,goodput_bits_per_slot,jain_fairness,max_starvation_rate,worst_p99_wait_slots,max_wait_slots,service_score,raw_x_score,throughput_score,fairness_score,reward,training_final_reward,training_jain_last32,deterministic_jain,stochastic_deterministic_jain_gap,throughput_contribution,jain_contribution,service_contribution,x_contribution,first_zero_starvation_step,best_safe_checkpoint_step,minimum_observed_starvation_rate,maximum_observed_jain,stability,late_collapse_flag,late_degradation_flag,delta_goodput_vs_equal_third,delta_goodput_pct_vs_equal_third,delta_jain_vs_equal_third,delta_p99_vs_equal_third,delta_max_wait_vs_equal_third
add_deficit_service_equal,Equal-quarter: Throughput-deficit service,deficit_service,Throughput-deficit service,equal_quarter,Equal-quarter: 0.25/0.25/0.25/0.25,0.25,0.25,0.25,0.25,100096,1701,1701,1701,cpu,completed,117696.46756743013,0.0845448094131864,0.0583333333333333,74.0,76.0,0.8780094326822917,0.3282715093186902,0.5968840102602092,0.0846996137694641,0.4719661415076638,0.5552244752608217,0.591185996554202,0.0845448094131864,0.5066411871410156,0.1492210025650523,0.021174903442366,0.2195023581705729,0.0820678773296725,49152.0,49152.0,0.0,0.201941766724436,Borderline,False,True,20285.44860243013,20.824593375538704,-0.18309483268681362,27.0,28.0
add_low_throughput_equal,Equal-quarter: Low-throughput percentile,low_throughput,Low-throughput percentile,equal_quarter,Equal-quarter: 0.25/0.25/0.25/0.25,0.25,0.25,0.25,0.25,100096,1701,1701,1701,cpu,completed,86476.6313854004,0.1536387431768326,0.925,5000.0,5000.0,0.1070078516927083,0.0,0.4385562251946071,0.1171309168104437,0.1656737484244398,0.4575669848257859,0.6126714235620074,0.1536387431768326,0.45903268038517486,0.1096390562986517,0.0292827292026109,0.026751962923177,0.0,,,0.1383333333333333,0.2422137833383036,Full collapse,False,False,-10934.3875795996,-11.225000719403566,-0.11400089892316742,4953.0,4952.0
add_pf_utility_equal,Equal-quarter: PF utility,pf_utility,PF utility,equal_quarter,Equal-quarter: 0.25/0.25/0.25/0.25,0.25,0.25,0.25,0.25,100096,1701,1701,1701,cpu,completed,96471.22959927826,0.120916478301159,0.9383333333333334,5000.0,5000.0,0.0917039489583333,0.0359729449179737,0.4892426730221186,0.1022863120374589,0.1798014697339711,0.4799732517999883,0.6117847572209834,0.120916478301159,0.4908682789198244,0.1223106682555296,0.0255715780093647,0.0229259872395833,0.0089932362294934,,,0.0858333333333333,0.1310278844278747,Full collapse,False,False,-939.7893657217355,-0.9647670003938735,-0.14672316379884104,4953.0,4952.0
add_urgency_service_equal,Equal-quarter: Urgency service,urgency_service,Urgency service,equal_quarter,Equal-quarter: 0.25/0.25/0.25/0.25,0.25,0.25,0.25,0.25,100096,1701,1701,1701,cpu,completed,129483.74433153076,0.0824454609116688,0.9258333333333332,5000.0,5000.0,0.091721312109375,0.0216349125006923,0.6566618198276251,0.0874193772807599,0.2143593554296131,0.5432592786944406,0.6116860062352748,0.0824454609116688,0.529240545323606,0.1641654549569062,0.0218548443201899,0.0229303280273437,0.005408728125173,65536.0,65536.0,0.0,0.2630344472220883,Late collapse,True,False,32072.725366530765,32.92515128915197,-0.18519418118833122,4953.0,4952.0
deficit_service_group_js,Giữ nhóm Jain + Service: Throughput-deficit service,deficit_service,Throughput-deficit service,group_fairness_service,Giữ nhóm Jain + Service: 0.10/0.30/0.30/0.30,0.1,0.3,0.3,0.3,100096,1701,1701,1701,cpu,completed,97528.1773361496,0.2666419818473835,0.0,48.0,50.0,0.9236260768229166,0.3674609833240772,0.4946028611132164,0.2609449933383385,0.5150699021569214,0.58707175506451,0.5669430328735077,0.2666419818473835,0.30030105102612414,0.0494602861113216,0.0782834980015015,0.277087823046875,0.1102382949972231,65536.0,98304.0,0.0,0.2693276545725171,Stable,False,False,117.15837114960595,0.120272195480986,-0.0009976602526164946,1.0,2.0
low_throughput_group_js,Giữ nhóm Jain + Service: Low-throughput percentile,low_throughput,Low-throughput percentile,group_fairness_service,Giữ nhóm Jain + Service: 0.10/0.30/0.30/0.30,0.1,0.3,0.3,0.3,100096,1701,1701,1701,cpu,completed,122136.2143459076,0.080980812777837,0.1458333333333333,87.0,110.0,0.8389884809895833,0.0459727015910627,0.6193996720846326,0.0812654767211505,0.3518079649990022,0.4720404167565557,0.6071142770892941,0.080980812777837,0.5261334643114571,0.0619399672084632,0.0243796430163451,0.251696544296875,0.0137918104773188,,,0.0625,0.1340890883758413,Full collapse,False,False,24725.195380907608,25.382339332464454,-0.18665882932216302,40.0,62.0
pf_utility_group_js,Giữ nhóm Jain + Service: PF utility,pf_utility,PF utility,group_fairness_service,Giữ nhóm Jain + Service: 0.10/0.30/0.30/0.30,0.1,0.3,0.3,0.3,100096,1701,1701,1701,cpu,completed,61254.39242723846,0.0678559079860141,0.91,5000.0,5000.0,0.1095941947916666,0.0266355000720459,0.3106445601443041,0.0779585736144456,0.0953209365578778,0.4906483901493467,0.6147711906812456,0.0678559079860141,0.5469152826952315,0.0310644560144304,0.0233875720843336,0.0328782584374999,0.0079906500216137,49152.0,49152.0,0.0,0.1658936175223227,Late collapse,True,False,-36156.626537761535,-37.117594007257736,-0.19978373411398592,4953.0,4952.0
urgency_service_group_js,Giữ nhóm Jain + Service: Urgency service,urgency_service,Urgency service,group_fairness_service,Giữ nhóm Jain + Service: 0.10/0.30/0.30/0.30,0.1,0.3,0.3,0.3,100096,1701,1701,1701,cpu,completed,97930.3443043335,0.2665962051969944,0.0,49.0,50.0,0.92407157890625,0.3896875556379906,0.4966424043359242,0.2592871430953721,0.5215781237254762,0.5748321203418109,0.5870455015217542,0.2665962051969944,0.32044929632475977,0.0496642404335924,0.0777861429286116,0.277221473671875,0.1169062666913971,49152.0,65536.0,0.0,0.2861614620945202,Stable,False,False,519.3253393335035,0.5331279200765815,-0.0010434369030056234,2.0,2.0
deficit_service_group_tj,Giữ nhóm Throughput + Jain: Throughput-deficit service,deficit_service,Throughput-deficit service,group_throughput_fairness,Giữ nhóm Throughput + Jain: 0.30/0.30/0.10/0.30,0.3,0.3,0.1,0.3,100096,1701,1701,1701,cpu,completed,97958.21619544984,0.2694051203400575,0.0,49.0,50.0,0.923476412890625,0.3636718186367174,0.4967837534051604,0.2621243752305079,0.4291216254707782,0.4962912438536175,0.5799162002289742,0.2694051203400575,0.3105110798889167,0.1490351260215481,0.0786373125691523,0.0923476412890625,0.1091015455910152,32768.0,49152.0,0.0,0.2853095581694328,Stable,False,False,547.1972304498486,0.5617405877321291,0.001765478240057461,2.0,2.0
low_throughput_group_tj,Giữ nhóm Throughput + Jain: Low-throughput percentile,low_throughput,Low-throughput percentile,group_throughput_fairness,Giữ nhóm Throughput + Jain: 0.30/0.30/0.10/0.30,0.3,0.3,0.1,0.3,100096,1701,1701,1701,cpu,completed,99024.448839328,0.2687190917433912,0.0,49.0,51.0,0.923120990625,0.07364250761382,0.502191028827286,0.2616902965471966,0.3435692489589907,0.3859950544632812,0.5802111353707462,0.2687190917433912,0.311492043627355,0.1506573086481857,0.0785070889641589,0.0923120990625,0.022092752284146,81920.0,98304.0,0.0,0.2729876608355313,Stable,False,False,1613.4298743280087,1.6563114640117949,0.0010794496433911838,2.0,3.0
pf_utility_group_tj,Giữ nhóm Throughput + Jain: PF utility,pf_utility,PF utility,group_throughput_fairness,Giữ nhóm Throughput + Jain: 0.30/0.30/0.10/0.30,0.3,0.3,0.1,0.3,100096,1701,1701,1701,cpu,completed,137053.05872573852,0.0723760296988164,0.3941666666666666,4784.0,5000.0,0.7246948899739584,0.0645755329572659,0.695048721524115,0.0717804364408547,0.3218908962740665,0.4105218251437278,0.6107530834754199,0.0723760296988164,0.5383770537766035,0.2085146164572345,0.0215341309322564,0.0724694889973958,0.0193726598871797,,,0.235,0.147923105376616,Full collapse,False,False,39642.039760738524,40.695642219882735,-0.19526361240118362,4737.0,4952.0
urgency_service_group_tj,Giữ nhóm Throughput + Jain: Urgency service,urgency_service,Urgency service,group_throughput_fairness,Giữ nhóm Throughput + Jain: 0.30/0.30/0.10/0.30,0.3,0.3,0.1,0.3,100096,1701,1701,1701,cpu,completed,9364.754399249268,0.045815640015112,0.9466666666666668,5000.0,5000.0,0.0615502401041666,0.0111762670937165,0.0474922678348305,0.0458162774926268,0.0375004677367688,0.4480213666170263,0.6434590445825901,0.045815640015112,0.5976434045674781,0.0142476803504491,0.013744883247788,0.0061550240104166,0.0033528801281149,,,0.9466666666666668,0.0472504697609198,Full collapse,False,False,-88046.26456575072,-90.38635002615665,-0.221824002084888,4953.0,4952.0
deficit_service_anchor_preserving,Giữ nhóm Throughput + Service: Throughput-deficit service,deficit_service,Throughput-deficit service,group_throughput_service,Giữ nhóm Throughput + Service: 0.30/0.10/0.30/0.30,0.3,0.1,0.3,0.3,100096,1701,1701,1701,cpu,completed,92634.11824542387,0.2921135641111174,0.0,43.0,44.0,0.93195310078125,0.372925980510746,0.469783206990214,0.2848474808882031,0.5608834345734832,0.570818319581271,0.5972793676437167,0.2921135641111174,0.3051658035325993,0.1409349620970642,0.0284847480888203,0.279585930234375,0.1118777941532237,32768.0,100096.0,0.0,0.2926994506298692,Stable,False,False,-4776.900719576122,-4.903860744226973,0.024473922011117366,-4.0,-4.0
low_throughput_anchor_preserving,Giữ nhóm Throughput + Service: Low-throughput percentile,low_throughput,Low-throughput percentile,group_throughput_service,Giữ nhóm Throughput + Service: 0.30/0.10/0.30/0.30,0.3,0.1,0.3,0.3,100096,1701,1701,1701,cpu,completed,9019.477632276916,0.0458176905089955,0.9466666666666668,5000.0,5000.0,0.0615528156249999,0.0,0.0457412366817327,0.0458483556303715,0.0367730512550569,0.4232470912700694,0.6355280583997571,0.0458176905089955,0.5897103678907616,0.0137223710045198,0.0045848355630371,0.0184658446874999,0.0,,,0.1075,0.1348502157181313,Full collapse,False,False,-88391.54133272308,-90.74080352704489,-0.2218219515910045,4953.0,4952.0
pf_utility_anchor_preserving,Giữ nhóm Throughput + Service: PF utility,pf_utility,PF utility,group_throughput_service,Giữ nhóm Throughput + Service: 0.30/0.10/0.30/0.30,0.3,0.1,0.3,0.3,100096,1701,1701,1701,cpu,completed,9194.14245586853,0.0453503135831709,0.9466666666666668,5000.0,5000.0,0.0615458066406249,0.0333995990750264,0.0466270291146876,0.0453403193775336,0.047005762386855,0.4526174255380035,0.6498764830054365,0.0453503135831709,0.6045261694222657,0.0139881087344063,0.0045340319377533,0.0184637419921874,0.0100198797225079,,,0.9466666666666668,0.0733663856818867,Full collapse,False,False,-88216.87650913147,-90.56149647795799,-0.22228932851682912,4953.0,4952.0
urgency_service_anchor_preserving,Giữ nhóm Throughput + Service: Urgency service,urgency_service,Urgency service,group_throughput_service,Giữ nhóm Throughput + Service: 0.30/0.10/0.30/0.30,0.3,0.1,0.3,0.3,100096,1701,1701,1701,cpu,completed,131924.09026239015,0.0504117399723847,0.9466666666666668,5000.0,5000.0,0.0725709484374999,0.0191975304178503,0.6690377517118935,0.0588567901163956,0.2341275481818127,0.5477574457236679,0.6070836771212713,0.0504117399723847,0.5566719371488866,0.200711325513568,0.0058856790116395,0.0217712845312499,0.0057592591253551,49152.0,49152.0,0.0,0.1343003225214722,Late collapse,True,False,34513.07129739015,35.43035650801556,-0.21722790212761534,4953.0,4952.0
deficit_service_hold_jain,Giữ Jain: Throughput-deficit service,deficit_service,Throughput-deficit service,hold_fairness,Giữ Jain: 0.20/0.25/0.20/0.35,0.2,0.25,0.2,0.35,100096,1701,1701,1701,cpu,completed,98210.31940348052,0.2672728477708437,0.0,48.0,50.0,0.9236741721354168,0.3549465636398866,0.4980622656402249,0.25421682114248,0.4721327901147086,0.53780552202183,0.5912771007385014,0.2672728477708437,0.32400425296765767,0.099612453128045,0.06355420528562,0.1847348344270833,0.1242312972739602,49152.0,100096.0,0.0,0.2672728477708437,Stable,False,False,799.3004384805245,0.8205441714635109,-0.00036679432915631693,1.0,2.0
low_throughput_hold_jain,Giữ Jain: Low-throughput percentile,low_throughput,Low-throughput percentile,hold_fairness,Giữ Jain: 0.20/0.25/0.20/0.35,0.2,0.25,0.2,0.35,100096,1701,1701,1701,cpu,completed,7949.056851478576,0.0468949294576947,0.9466666666666668,5000.0,5000.0,0.0615366884114582,0.0,0.0403127216080519,0.0468621970509055,0.0320854312666284,0.3740214395349482,0.6441565803725205,0.0468949294576947,0.5972616509148259,0.0080625443216103,0.0117155492627263,0.0123073376822916,0.0,,,0.9458333333333332,0.0567256378269421,Full collapse,False,False,-89461.96211352143,-91.83967385215969,-0.22074471264230533,4953.0,4952.0
pf_utility_hold_jain,Giữ Jain: PF utility,pf_utility,PF utility,hold_fairness,Giữ Jain: 0.20/0.25/0.20/0.35,0.2,0.25,0.2,0.35,100096,1701,1701,1701,cpu,completed,106570.4116707016,0.1305444380159416,0.0,56.0,59.0,0.9058466815104168,0.0728149067531743,0.5404595057761316,0.1297435761023798,0.3471823488465156,0.439750235756802,0.5758131401238342,0.1305444380159416,0.4452687021078926,0.1080919011552263,0.0324358940255949,0.1811693363020833,0.025485217363611,65536.0,81920.0,0.0,0.1453005500594938,Stable,False,False,9159.392705701597,9.402830196235378,-0.13709520408405843,9.0,11.0
urgency_service_hold_jain,Giữ Jain: Urgency service,urgency_service,Urgency service,hold_fairness,Giữ Jain: 0.20/0.25/0.20/0.35,0.2,0.25,0.2,0.35,100096,1701,1701,1701,cpu,completed,113432.25627304688,0.0993435590725212,0.0291666666666666,69.0,84.0,0.8864383509114583,0.3670027341879247,0.5752585563226886,0.0993474586108423,0.4456272030653136,0.524267361209649,0.5966067462523991,0.0993435590725212,0.4972631871798779,0.1150517112645377,0.0248368646527105,0.1772876701822917,0.1284509569657736,65536.0,65536.0,0.0,0.208477959712089,Borderline,False,True,16021.237308046882,16.4470482685366,-0.16829608302747884,22.0,36.0
deficit_service_hold_service,Giữ Service: Throughput-deficit service,deficit_service,Throughput-deficit service,hold_service,Giữ Service: 0.20/0.20/0.25/0.35,0.2,0.2,0.25,0.35,100096,1701,1701,1701,cpu,completed,6696.342819961548,0.0503387160095877,0.9466666666666668,5000.0,5000.0,0.0615444988281249,0.0001019927394633,0.0339597274163381,0.0503705777170617,0.0322878831925233,0.5238721624793039,0.6239483219023589,0.0503387160095877,0.5736096058927712,0.0067919454832676,0.0100741155434123,0.0153861247070312,3.569745881216248e-05,,,0.9466666666666668,0.0515142002654317,Full collapse,False,False,-90714.67614503845,-93.12568240111773,-0.21730092609041232,4953.0,4952.0
low_throughput_hold_service,Giữ Service: Low-throughput percentile,low_throughput,Low-throughput percentile,hold_service,Giữ Service: 0.20/0.20/0.25/0.35,0.2,0.2,0.25,0.35,100096,1701,1701,1701,cpu,completed,6545.234130075073,0.0514836549183691,0.9466666666666668,5000.0,5000.0,0.0615426463541666,0.0,0.0331933971885177,0.0514798283492055,0.0323203066960863,0.4043920840503891,0.6294264020439153,0.0514836549183691,0.5779427471255462,0.0066386794377035,0.0102959656698411,0.0153856615885416,0.0,,,0.9425,0.0697419352260494,Full collapse,False,False,-90865.78483492493,-93.2808072437608,-0.21615598718163093,4953.0,4952.0
pf_utility_hold_service,Giữ Service: PF utility,pf_utility,PF utility,hold_service,Giữ Service: 0.20/0.20/0.25/0.35,0.2,0.2,0.25,0.35,100096,1701,1701,1701,cpu,completed,7845.455348893738,0.0490997927320054,0.9466666666666668,5000.0,5000.0,0.0615375108072916,0.0355853962018406,0.0397873185810121,0.049132706095462,0.0456232713077619,0.4168873930776539,0.6446403622622973,0.0490997927320054,0.5955405695302919,0.0079574637162024,0.0098265412190924,0.0153843777018229,0.0124548886706442,,,0.695,0.172215126418441,Full collapse,False,False,-89565.56361610626,-91.9460288658795,-0.21853984936799462,4953.0,4952.0
urgency_service_hold_service,Giữ Service: Urgency service,urgency_service,Urgency service,hold_service,Giữ Service: 0.20/0.20/0.25/0.35,0.2,0.2,0.25,0.35,100096,1701,1701,1701,cpu,completed,105663.33376492768,0.1112189277469221,0.0,57.0,58.0,0.9023325415364584,0.3843717710165324,0.5358593651839206,0.1066363420788364,0.4886123966924523,0.5400117089192865,0.6049361305352083,0.1112189277469221,0.49371720278828624,0.1071718730367841,0.0213272684157672,0.2255831353841146,0.1345301198557863,65536.0,65536.0,0.0,0.26447556038052,Stable,False,False,8252.314799927684,8.471644057940475,-0.15642071435307792,10.0,10.0
deficit_service_hold_throughput,Giữ Throughput: Throughput-deficit service,deficit_service,Throughput-deficit service,hold_throughput,Giữ Throughput: 0.25/0.20/0.20/0.35,0.25,0.2,0.2,0.35,100096,1701,1701,1701,cpu,completed,8095.64073780365,0.0478757752135915,0.9466666666666668,5000.0,5000.0,0.0615496617187499,0.0001299881342936,0.0410561048184198,0.0479091771229058,0.0322012898199389,0.5053570969140972,0.6407487431844497,0.0478757752135915,0.5928729679708582,0.0102640262046049,0.0095818354245811,0.0123099323437499,4.549584700277927e-05,,,0.6125,0.087214230691781,Full collapse,False,False,-89315.37822719634,-91.68919407288776,-0.21976386688640853,4953.0,4952.0
low_throughput_hold_throughput,Giữ Throughput: Low-throughput percentile,low_throughput,Low-throughput percentile,hold_throughput,Giữ Throughput: 0.25/0.20/0.20/0.35,0.25,0.2,0.2,0.35,100096,1701,1701,1701,cpu,completed,117373.97533554689,0.0727734365928215,0.0266666666666666,67.0,71.0,0.8780319743489583,0.0558954200857145,0.5952485282391881,0.0733129365383243,0.3586445112672536,0.4021448094563544,0.5964126216114705,0.0727734365928215,0.5236391850186489,0.148812132059797,0.0146625873076648,0.1756063948697916,0.01956339703,,,0.0266666666666666,0.127515446362113,Borderline,False,False,19962.95637054689,20.493529975001735,-0.19486620550717854,20.0,23.0
pf_utility_hold_throughput,Giữ Throughput: PF utility,pf_utility,PF utility,hold_throughput,Giữ Throughput: 0.25/0.20/0.20/0.35,0.25,0.2,0.2,0.35,100096,1701,1701,1701,cpu,completed,28994.911517601013,0.0422856176393219,0.9466666666666668,5000.0,5000.0,0.0702128636718749,0.0153491488581587,0.1470443371960199,0.0606345348493578,0.0683027661036071,0.4237920143566697,0.6233704750480815,0.0422856176393219,0.5810848574087596,0.0367610842990049,0.0121269069698715,0.0140425727343749,0.0053722021003555,49152.0,49152.0,0.0,0.3425506983332938,Late collapse,True,False,-68416.10744739899,-70.2344644110345,-0.22535402446067812,4953.0,4952.0
urgency_service_hold_throughput,Giữ Throughput: Urgency service,urgency_service,Urgency service,hold_throughput,Giữ Throughput: 0.25/0.20/0.20/0.35,0.25,0.2,0.2,0.35,100096,1701,1701,1701,cpu,completed,97877.39808705598,0.3248265379778111,0.0,46.0,48.0,0.9242246296875,0.3901341964225153,0.4963738937242645,0.3136372725955875,0.508212822635564,0.5270172427884482,0.5774334083978545,0.3248265379778111,0.25260687042004343,0.1240934734310661,0.0627274545191175,0.1848449259375,0.1365469687478803,65536.0,81920.0,0.0,0.3273161532245398,Stable,False,False,466.3791220559797,0.4787745031427537,0.05718689587781106,-1.0,0.0
deficit_service_heavy,New-component-heavy: Throughput-deficit service,deficit_service,Throughput-deficit service,new_component_heavy,New-component-heavy: 0.20/0.20/0.20/0.40,0.2,0.2,0.2,0.4,100096,1701,1701,1701,cpu,completed,8751.66382938385,0.0477239405156577,0.9466666666666668,5000.0,5000.0,0.0615903394531249,0.0001878810439844,0.0443830499835443,0.0480231729988822,0.030874464904704,0.521737931190898,0.6280124553928041,0.0477239405156577,0.5802885148771464,0.0088766099967088,0.0096046345997764,0.0123180678906249,7.515241759378467e-05,,,0.3833333333333333,0.1115311045009961,Full collapse,False,False,-88659.35513561615,-91.015735260373,-0.21991570158434232,4953.0,4952.0
low_throughput_heavy,New-component-heavy: Low-throughput percentile,low_throughput,Low-throughput percentile,new_component_heavy,New-component-heavy: 0.20/0.20/0.20/0.40,0.2,0.2,0.2,0.4,100096,1701,1701,1701,cpu,completed,7653.351369610596,0.0494060740682524,0.9466666666666668,5000.0,5000.0,0.0615369944010416,0.0,0.0388130854887931,0.0494267426003668,0.0299553644980403,0.3525658467601771,0.6483089124644519,0.0494060740682524,0.5989028383961995,0.0077626170977586,0.0098853485200733,0.0123073988802083,0.0,,,0.8475,0.1341707303700838,Full collapse,False,False,-89757.6675953894,-92.14323856692181,-0.21823356803174762,4953.0,4952.0
pf_utility_heavy,New-component-heavy: PF utility,pf_utility,PF utility,new_component_heavy,New-component-heavy: 0.20/0.20/0.20/0.40,0.2,0.2,0.2,0.4,100096,1701,1701,1701,cpu,completed,8911.972770851135,0.0448069009241096,0.9466666666666668,5000.0,5000.0,0.0615437065104166,0.0325254905779869,0.0451960382221993,0.0448061655506742,0.0433193782878528,0.3661282279249889,0.6612688978433275,0.0448069009241096,0.616461996919218,0.0090392076444398,0.0089612331101348,0.0123087413020833,0.0130101962311947,,,0.3633333333333333,0.1966783733221864,Full collapse,False,False,-88499.04619414886,-90.85116564271519,-0.22283274117589041,4953.0,4952.0
urgency_service_heavy,New-component-heavy: Urgency service,urgency_service,Urgency service,new_component_heavy,New-component-heavy: 0.20/0.20/0.20/0.40,0.2,0.2,0.2,0.4,100096,1701,1701,1701,cpu,completed,94366.12544967192,0.2764585366138908,0.0,46.0,47.0,0.9250593084635416,0.3918503464718911,0.4785668810225622,0.2707629483160095,0.4916179661491792,0.5221161866558707,0.5946512891802209,0.2764585366138908,0.3181927525663301,0.0957133762045124,0.0541525896632019,0.1850118616927083,0.1567401385887564,81920.0,98304.0,0.0,0.2768535666088528,Stable,False,False,-3044.8935153280763,-3.1258204130090395,0.008818894513890785,-1.0,-1.0
